Workbook

Sheet Raw sales data
A1: SaleID | B1: ProductID | C1: Quantity | D1: SaleDate | E1: CustomerName | F1: Region | G1: Unit Price | H1: Sales Amount | I1: Product Name | J1: Category
A2: 1001 | B2: 1 | C2: 2 | D2: 46027 | E2: Arun | F2: South | G2: {=_xlfn.XLOOKUP(B2,'Product data'!A:A,'Product data'!D:D)} -> 55000 | H2: =C2*G2 -> 110000 | I2: {=_xlfn.XLOOKUP(B2,'Product data'!A:A,'Product data'!B:B)} -> Laptop | J2: {=_xlfn.XLOOKUP(B2,'Product data'!A:A,'Product data'!C:C)} -> Electronics
A3: 1002 | B3: 2 | C3: 3 | D3: 46030 | E3: Priya | F3: South | G3: {=_xlfn.XLOOKUP(B3,'Product data'!A:A,'Product data'!D:D)} -> 25000 | H3: =C3*G3 -> 75000 | I3: {=_xlfn.XLOOKUP(B3,'Product data'!A:A,'Product data'!B:B)} -> Smartphone | J3: {=_xlfn.XLOOKUP(B3,'Product data'!A:A,'Product data'!C:C)} -> Electronics
A4: 1003 | B4: 3 | C4: 5 | D4: 46034 | E4: Rahul | F4: North | G4: {=_xlfn.XLOOKUP(B4,'Product data'!A:A,'Product data'!D:D)} -> 2500 | H4: =C4*G4 -> 12500 | I4: {=_xlfn.XLOOKUP(B4,'Product data'!A:A,'Product data'!B:B)} -> Headphones | J4: {=_xlfn.XLOOKUP(B4,'Product data'!A:A,'Product data'!C:C)} -> Accessories
A5: 1004 | B5: 4 | C5: 4 | D5: 46037 | E5: Anjali | F5: East | G5: {=_xlfn.XLOOKUP(B5,'Product data'!A:A,'Product data'!D:D)} -> 1500 | H5: =C5*G5 -> 6000 | I5: {=_xlfn.XLOOKUP(B5,'Product data'!A:A,'Product data'!B:B)} -> Keyboard | J5: {=_xlfn.XLOOKUP(B5,'Product data'!A:A,'Product data'!C:C)} -> Accessories
A6: 1005 | B6: 5 | C6: 10 | D6: 46040 | E6: Vishnu | F6: West | G6: {=_xlfn.XLOOKUP(B6,'Product data'!A:A,'Product data'!D:D)} -> 800 | H6: =C6*G6 -> 8000 | I6: {=_xlfn.XLOOKUP(B6,'Product data'!A:A,'Product data'!B:B)} -> Mouse | J6: {=_xlfn.XLOOKUP(B6,'Product data'!A:A,'Product data'!C:C)} -> Accessories
A7: 1006 | B7: 6 | C7: 2 | D7: 46042 | E7: Meena | F7: South | G7: {=_xlfn.XLOOKUP(B7,'Product data'!A:A,'Product data'!D:D)} -> 12000 | H7: =C7*G7 -> 24000 | I7: {=_xlfn.XLOOKUP(B7,'Product data'!A:A,'Product data'!B:B)} -> Monitor | J7: {=_xlfn.XLOOKUP(B7,'Product data'!A:A,'Product data'!C:C)} -> Electronics
A8: 1007 | B8: 7 | C8: 3 | D8: 46055 | E8: Sanjay | F8: North | G8: {=_xlfn.XLOOKUP(B8,'Product data'!A:A,'Product data'!D:D)} -> 8500 | H8: =C8*G8 -> 25500 | I8: {=_xlfn.XLOOKUP(B8,'Product data'!A:A,'Product data'!B:B)} -> Office Chair | J8: {=_xlfn.XLOOKUP(B8,'Product data'!A:A,'Product data'!C:C)} -> Furniture
A9: 1008 | B9: 8 | C9: 2 | D9: 46058 | E9: Divya | F9: East | G9: {=_xlfn.XLOOKUP(B9,'Product data'!A:A,'Product data'!D:D)} -> 10000 | H9: =C9*G9 -> 20000 | I9: {=_xlfn.XLOOKUP(B9,'Product data'!A:A,'Product data'!B:B)} -> Desk | J9: {=_xlfn.XLOOKUP(B9,'Product data'!A:A,'Product data'!C:C)} -> Furniture
A10: 1009 | B10: 9 | C10: 1 | D10: 46063 | E10: Karthik | F10: West | G10: {=_xlfn.XLOOKUP(B10,'Product data'!A:A,'Product data'!D:D)} -> 15000 | H10: =C10*G10 -> 15000 | I10: {=_xlfn.XLOOKUP(B10,'Product data'!A:A,'Product data'!B:B)} -> Printer | J10: {=_xlfn.XLOOKUP(B10,'Product data'!A:A,'Product data'!C:C)} -> Electronics
A11: 1010 | B11: 10 | C11: 4 | D11: 46068 | E11: Swetha | F11: South | G11: {=_xlfn.XLOOKUP(B11,'Product data'!A:A,'Product data'!D:D)} -> 3500 | H11: =C11*G11 -> 14000 | I11: {=_xlfn.XLOOKUP(B11,'Product data'!A:A,'Product data'!B:B)} -> Webcam | J11: {=_xlfn.XLOOKUP(B11,'Product data'!A:A,'Product data'!C:C)} -> Accessories
A12: 1011 | B12: 1 | C12: 1 | D12: 46073 | E12: Ajay | F12: North | G12: {=_xlfn.XLOOKUP(B12,'Product data'!A:A,'Product data'!D:D)} -> 55000 | H12: =C12*G12 -> 55000 | I12: {=_xlfn.XLOOKUP(B12,'Product data'!A:A,'Product data'!B:B)} -> Laptop | J12: {=_xlfn.XLOOKUP(B12,'Product data'!A:A,'Product data'!C:C)} -> Electronics
A13: 1012 | B13: 2 | C13: 2 | D13: 46078 | E13: Nisha | F13: East | G13: {=_xlfn.XLOOKUP(B13,'Product data'!A:A,'Product data'!D:D)} -> 25000 | H13: =C13*G13 -> 50000 | I13: {=_xlfn.XLOOKUP(B13,'Product data'!A:A,'Product data'!B:B)} -> Smartphone | J13: {=_xlfn.XLOOKUP(B13,'Product data'!A:A,'Product data'!C:C)} -> Electronics
... A21: 1020 | B21: 10 | C21: 5 | D21: 46111 | E21: Vishnu | F21: East | G21: {=_xlfn.XLOOKUP(B21,'Product data'!A:A,'Product data'!D:D)} -> 3500 | H21: =C21*G21 -> 17500 | I21: {=_xlfn.XLOOKUP(B21,'Product data'!A:A,'Product data'!B:B)} -> Webcam | J21: {=_xlfn.XLOOKUP(B21,'Product data'!A:A,'Product data'!C:C)} -> Accessories

Sheet Monthly Revenue

Sheet Regional Revenue

Sheet Category Revenue

Sheet Product Revenue

Sheet Product data
A1: ProductID | B1: ProductName | C1: Category | D1: UnitPrice
A2: 1 | B2: Laptop | C2: Electronics | D2: 55000
A3: 2 | B3: Smartphone | C3: Electronics | D3: 25000
A4: 3 | B4: Headphones | C4: Accessories | D4: 2500
A5: 4 | B5: Keyboard | C5: Accessories | D5: 1500
A6: 5 | B6: Mouse | C6: Accessories | D6: 800
A7: 6 | B7: Monitor | C7: Electronics | D7: 12000
A8: 7 | B8: Office Chair | C8: Furniture | D8: 8500
A9: 8 | B9: Desk | C9: Furniture | D9: 10000
A10: 9 | B10: Printer | C10: Electronics | D10: 15000
A11: 10 | B11: Webcam | C11: Accessories | D11: 3500

Sheet Revenue Analysis

Sheet Category Analysis

Sheet Regional Analysis

Sheet Dashboard
E1: SALES & PRODUCT ANALYTICS DASHBOARD
B2: Total Revenue | D2: Total Quantity Sold | F2: Total Transactions | H2: Average Sale Value
B3: =SUM('Raw sales data'!H2:H21) -> 584100 | D3: =SUM('Raw sales data'!C2:C21) -> 80 | F3: =COUNTA('Raw sales data'!A2:A21) -> 20 | H3: =AVERAGE('Raw sales data'!H2:H21) -> 29205
